{
  "project_info": {
    "project_number": "538630768424",
    "firebase_url": "https://yorent-df617-default-rtdb.firebaseio.com",
    "project_id": "yorent-df617",
    "storage_bucket": "yorent-df617.appspot.com"
  },
  "client": [
    {
      "client_info": {
        "mobilesdk_app_id": "1:538630768424:android:effedd82bb904fe81cf21d",
        "android_client_info": {
          "package_name": "com.example.yorent"
        }
      },
      "oauth_client": [],
      "api_key": [
        {
          "current_key": "AIzaSyDZn1Y0a-91ST_ByFeH0389ya1WRjgQycM"
        }
      ],
      "services": {
        "appinvite_service": {
          "other_platform_oauth_client": []
        }
      }
    }
  ],
  "configuration_version": "1"
}